รหัสเพลย์ลิสต์,รหัสช่อง,เวลาที่สร้าง,เวลาที่อัปเดต,ชื่อ,คำอธิบาย,ระดับการมองเห็น
PLNFK4dgXAIf_7HGSpxFrw-unLV7H58otp,UCO7ZhQJx-8ehfnZbgtOYZrA,2020-04-24 13:02:15 UTC,2020-11-30 04:59:34 UTC,AL1ST,,ไม่เป็นสาธารณะ


รหัสวิดีโอ,เวลาที่เพิ่ม
DAUK2NbJuS8,2020-04-24 13:03:35 UTC
xePmQK_jhGc,2020-04-24 13:02:15 UTC
VE-qIP5TE9Q,2020-04-24 17:14:25 UTC
PyVRPG6-0cw,2020-04-24 13:03:17 UTC
e0w24j3-1ao,2020-04-24 13:04:28 UTC
xq7BjGBIZ7Y,2020-04-24 13:07:10 UTC
gky7ZEtmYWs,2020-04-24 14:13:00 UTC
OKuJR8BFl8g,2020-04-24 14:13:10 UTC
M-2qlKnFTdQ,2020-04-24 17:16:59 UTC
s3aRA6e1BiE,2020-04-24 14:32:53 UTC
GyyzRFass7A,2020-04-24 17:19:10 UTC
cqCfcrbA0qQ,2020-04-25 15:11:05 UTC
5NcKj0_-_EU,2020-05-22 16:16:38 UTC
yhGnIGUZHDo,2020-07-09 11:58:47 UTC
